Uuid,Void/Retire,Fully specified name:en,Fully specified name:vi,Short name:vi,Description:en,Data class,Data type,Units,Allow decimals,Display precision,Answers,Members,_version:1,_order:8100
87756945-c977-581e-ac81-61886e594ff0,false,VinSHC answer.data_status.recorded,VinSHC data_status Đã ghi nhận,Đã ghi nhận,VinSHC metadata v0.1.0; key=answer.data_status.recorded,Misc,N/A,,,,,,,
c6c1126e-1d5f-5029-948c-87c86be16bde,false,VinSHC answer.data_status.not_recorded,VinSHC data_status Chưa ghi,Chưa ghi,VinSHC metadata v0.1.0; key=answer.data_status.not_recorded,Misc,N/A,,,,,,,
dd1df938-28dc-5c9d-997e-253ed6a57ac3,false,VinSHC answer.data_status.not_asked,VinSHC data_status Chưa hỏi,Chưa hỏi,VinSHC metadata v0.1.0; key=answer.data_status.not_asked,Misc,N/A,,,,,,,
d3dd7619-b5de-59d4-a843-f01029cef193,false,VinSHC answer.data_status.unknown,VinSHC data_status Không rõ,Không rõ,VinSHC metadata v0.1.0; key=answer.data_status.unknown,Misc,N/A,,,,,,,
675d6c23-50b4-568b-a887-bd76e0e1c38f,false,VinSHC answer.data_status.refused,VinSHC data_status Từ chối cung cấp,Từ chối cung cấp,VinSHC metadata v0.1.0; key=answer.data_status.refused,Misc,N/A,,,,,,,
e8be81d1-f0a7-5859-a184-50e424050ad1,false,VinSHC answer.data_status.not_applicable,VinSHC data_status Không áp dụng,Không áp dụng,VinSHC metadata v0.1.0; key=answer.data_status.not_applicable,Misc,N/A,,,,,,,
b609c06d-f653-5451-ae15-9a53b813c9e6,false,VinSHC answer.data_status.masked,VinSHC data_status Bị che trong nguồn,Bị che trong nguồn,VinSHC metadata v0.1.0; key=answer.data_status.masked,Misc,N/A,,,,,,,
2aa97847-e32b-5974-bfbc-cfed9e55d065,false,VinSHC answer.data_status.unreadable,VinSHC data_status Không đọc được,Không đọc được,VinSHC metadata v0.1.0; key=answer.data_status.unreadable,Misc,N/A,,,,,,,
8ea0e533-2ceb-58af-81df-36f941f3176e,false,VinSHC answer.history_status.not_asked,VinSHC history_status Chưa hỏi,Chưa hỏi,VinSHC metadata v0.1.0; key=answer.history_status.not_asked,Misc,N/A,,,,,,,
43cebae2-7106-5c36-85f9-7bd21f8983fe,false,VinSHC answer.history_status.none_reported,"VinSHC history_status Đã hỏi, không ghi nhận","Đã hỏi, không ghi nhận",VinSHC metadata v0.1.0; key=answer.history_status.none_reported,Misc,N/A,,,,,,,
0c7202e7-5fc0-5825-8ef2-0a19409e9986,false,VinSHC answer.history_status.present,VinSHC history_status Có tiền sử,Có tiền sử,VinSHC metadata v0.1.0; key=answer.history_status.present,Misc,N/A,,,,,,,
7f353edf-c9d9-5975-9a6e-7dcec0f9cd53,false,VinSHC answer.history_status.unknown,VinSHC history_status Không rõ,Không rõ,VinSHC metadata v0.1.0; key=answer.history_status.unknown,Misc,N/A,,,,,,,
49423217-efbd-5a55-958e-2d564725db06,false,VinSHC answer.allergy_status.not_asked,VinSHC allergy_status Chưa hỏi,Chưa hỏi,VinSHC metadata v0.1.0; key=answer.allergy_status.not_asked,Misc,N/A,,,,,,,
211345e1-bf3a-5520-a2d6-0cad885b5302,false,VinSHC answer.allergy_status.no_known_allergy,"VinSHC allergy_status Đã hỏi, không ghi nhận dị ứng","Đã hỏi, không ghi nhận dị ứng",VinSHC metadata v0.1.0; key=answer.allergy_status.no_known_allergy,Misc,N/A,,,,,,,
8c2a214d-1eb2-5918-b01d-4946a2c3d674,false,VinSHC answer.allergy_status.present,VinSHC allergy_status Có dị ứng,Có dị ứng,VinSHC metadata v0.1.0; key=answer.allergy_status.present,Misc,N/A,,,,,,,
dc642a73-0f1a-5b91-8709-7763ad1611e9,false,VinSHC answer.allergy_status.unknown,VinSHC allergy_status Không rõ,Không rõ,VinSHC metadata v0.1.0; key=answer.allergy_status.unknown,Misc,N/A,,,,,,,
ce25786a-650f-588e-b554-3d42ac81bc33,false,VinSHC answer.visit_close_reason.completed,VinSHC visit_close_reason Kết thúc khám,Kết thúc khám,VinSHC metadata v0.1.0; key=answer.visit_close_reason.completed,Misc,N/A,,,,,,,
cf8f5dc1-e869-5990-ab3d-e704fccf0707,false,VinSHC answer.visit_close_reason.left_early,VinSHC visit_close_reason Bỏ về trước khi khám xong,Bỏ về trước khi khám xong,VinSHC metadata v0.1.0; key=answer.visit_close_reason.left_early,Misc,N/A,,,,,,,
8ad6ff22-bfca-5a8d-aa90-06a2bbd7de4e,false,VinSHC answer.visit_close_reason.cancelled,VinSHC visit_close_reason Hủy tiếp nhận,Hủy tiếp nhận,VinSHC metadata v0.1.0; key=answer.visit_close_reason.cancelled,Misc,N/A,,,,,,,
5af6b517-7dae-526e-92f2-afff2ed64a5c,false,VinSHC answer.visit_close_reason.referred,VinSHC visit_close_reason Chuyển khám cơ sở khác,Chuyển khám cơ sở khác,VinSHC metadata v0.1.0; key=answer.visit_close_reason.referred,Misc,N/A,,,,,,,
