Uuid,Void/Retire,Fully specified name:en,Fully specified name:vi,Short name:vi,Description:en,Data class,Data type,Units,Allow decimals,Display precision,Answers,Members,_version:1,_order:8200
ce6ac27d-a555-5ddd-bd82-6dd575066adc,false,VinSHC visit.ly_do_kham,VinSHC Lý do khám,Lý do khám,VinSHC metadata v0.1.0; key=visit.ly_do_kham,Finding,Text,,,,,,,
e54c1088-b2ad-534d-923e-8fb82019751f,false,VinSHC visit.ly_do_ket_thuc,VinSHC Lý do kết thúc lượt,Lý do kết thúc lượt,VinSHC metadata v0.1.0; key=visit.ly_do_ket_thuc,Question,Coded,,,,ce25786a-650f-588e-b554-3d42ac81bc33;cf8f5dc1-e869-5990-ab3d-e704fccf0707;8ad6ff22-bfca-5a8d-aa90-06a2bbd7de4e;5af6b517-7dae-526e-92f2-afff2ed64a5c,,,
b3ccfa9b-2d9e-5f86-8816-70a74f30e6cf,false,VinSHC visit.ghi_chu_ket_thuc,VinSHC Ghi chú kết thúc/bỏ về/hủy,Ghi chú kết thúc/bỏ về/hủy,VinSHC metadata v0.1.0; key=visit.ghi_chu_ket_thuc,Finding,Text,,,,,,,
263e4d0b-61d2-5517-bcb1-992cfb60675b,false,VinSHC vitals.mach,VinSHC Mạch,Mạch,VinSHC metadata v0.1.0; key=vitals.mach,Finding,Numeric,/min,true,2,,,,
1452453f-cf72-5b97-b366-7541414f42c9,false,VinSHC vitals.mach_trang_thai,VinSHC Mạch - trạng thái dữ liệu,Mạch - trạng thái dữ liệu,VinSHC metadata v0.1.0; key=vitals.mach_trang_thai,Question,Coded,,,,87756945-c977-581e-ac81-61886e594ff0;c6c1126e-1d5f-5029-948c-87c86be16bde;dd1df938-28dc-5c9d-997e-253ed6a57ac3;d3dd7619-b5de-59d4-a843-f01029cef193;675d6c23-50b4-568b-a887-bd76e0e1c38f;e8be81d1-f0a7-5859-a184-50e424050ad1;b609c06d-f653-5451-ae15-9a53b813c9e6;2aa97847-e32b-5974-bfbc-cfed9e55d065,,,
f8da18ad-2e26-55cd-954b-51d6e0738815,false,VinSHC vitals.ha_tam_thu,VinSHC Huyết áp tâm thu,Huyết áp tâm thu,VinSHC metadata v0.1.0; key=vitals.ha_tam_thu,Finding,Numeric,mm[Hg],true,2,,,,
a0e3f46e-b74e-5bcd-85b5-c8a3a385b964,false,VinSHC vitals.ha_tam_thu_trang_thai,VinSHC Huyết áp tâm thu - trạng thái dữ liệu,Huyết áp tâm thu - trạng thái dữ liệu,VinSHC metadata v0.1.0; key=vitals.ha_tam_thu_trang_thai,Question,Coded,,,,87756945-c977-581e-ac81-61886e594ff0;c6c1126e-1d5f-5029-948c-87c86be16bde;dd1df938-28dc-5c9d-997e-253ed6a57ac3;d3dd7619-b5de-59d4-a843-f01029cef193;675d6c23-50b4-568b-a887-bd76e0e1c38f;e8be81d1-f0a7-5859-a184-50e424050ad1;b609c06d-f653-5451-ae15-9a53b813c9e6;2aa97847-e32b-5974-bfbc-cfed9e55d065,,,
f97478e4-cce6-5cc5-89fa-cfd10bfe8794,false,VinSHC vitals.ha_tam_truong,VinSHC Huyết áp tâm trương,Huyết áp tâm trương,VinSHC metadata v0.1.0; key=vitals.ha_tam_truong,Finding,Numeric,mm[Hg],true,2,,,,
3f3c8a87-d446-59ba-a877-c03a1dcf82c0,false,VinSHC vitals.ha_tam_truong_trang_thai,VinSHC Huyết áp tâm trương - trạng thái dữ liệu,Huyết áp tâm trương - trạng thái dữ liệu,VinSHC metadata v0.1.0; key=vitals.ha_tam_truong_trang_thai,Question,Coded,,,,87756945-c977-581e-ac81-61886e594ff0;c6c1126e-1d5f-5029-948c-87c86be16bde;dd1df938-28dc-5c9d-997e-253ed6a57ac3;d3dd7619-b5de-59d4-a843-f01029cef193;675d6c23-50b4-568b-a887-bd76e0e1c38f;e8be81d1-f0a7-5859-a184-50e424050ad1;b609c06d-f653-5451-ae15-9a53b813c9e6;2aa97847-e32b-5974-bfbc-cfed9e55d065,,,
55a6de05-e371-5a48-9440-a81d7ef2e364,false,VinSHC vitals.nhiet_do,VinSHC Nhiệt độ,Nhiệt độ,VinSHC metadata v0.1.0; key=vitals.nhiet_do,Finding,Numeric,Cel,true,2,,,,
78f5da85-8751-5492-a6a5-e5bdb1d61ea3,false,VinSHC vitals.nhiet_do_trang_thai,VinSHC Nhiệt độ - trạng thái dữ liệu,Nhiệt độ - trạng thái dữ liệu,VinSHC metadata v0.1.0; key=vitals.nhiet_do_trang_thai,Question,Coded,,,,87756945-c977-581e-ac81-61886e594ff0;c6c1126e-1d5f-5029-948c-87c86be16bde;dd1df938-28dc-5c9d-997e-253ed6a57ac3;d3dd7619-b5de-59d4-a843-f01029cef193;675d6c23-50b4-568b-a887-bd76e0e1c38f;e8be81d1-f0a7-5859-a184-50e424050ad1;b609c06d-f653-5451-ae15-9a53b813c9e6;2aa97847-e32b-5974-bfbc-cfed9e55d065,,,
b82f1a4a-bbc9-55f0-8204-079bf1130457,false,VinSHC vitals.nhip_tho,VinSHC Nhịp thở,Nhịp thở,VinSHC metadata v0.1.0; key=vitals.nhip_tho,Finding,Numeric,/min,true,2,,,,
d3aa7eda-24b2-573b-91ad-1c8c4cdf8f57,false,VinSHC vitals.nhip_tho_trang_thai,VinSHC Nhịp thở - trạng thái dữ liệu,Nhịp thở - trạng thái dữ liệu,VinSHC metadata v0.1.0; key=vitals.nhip_tho_trang_thai,Question,Coded,,,,87756945-c977-581e-ac81-61886e594ff0;c6c1126e-1d5f-5029-948c-87c86be16bde;dd1df938-28dc-5c9d-997e-253ed6a57ac3;d3dd7619-b5de-59d4-a843-f01029cef193;675d6c23-50b4-568b-a887-bd76e0e1c38f;e8be81d1-f0a7-5859-a184-50e424050ad1;b609c06d-f653-5451-ae15-9a53b813c9e6;2aa97847-e32b-5974-bfbc-cfed9e55d065,,,
4ebf4ddf-fcbe-5bed-893b-114d6ec5f739,false,VinSHC vitals.spo2,VinSHC SpO2,SpO2,VinSHC metadata v0.1.0; key=vitals.spo2,Finding,Numeric,%,true,2,,,,
7002d377-77a5-5914-bcbc-90ddd8c5d47e,false,VinSHC vitals.spo2_trang_thai,VinSHC SpO2 - trạng thái dữ liệu,SpO2 - trạng thái dữ liệu,VinSHC metadata v0.1.0; key=vitals.spo2_trang_thai,Question,Coded,,,,87756945-c977-581e-ac81-61886e594ff0;c6c1126e-1d5f-5029-948c-87c86be16bde;dd1df938-28dc-5c9d-997e-253ed6a57ac3;d3dd7619-b5de-59d4-a843-f01029cef193;675d6c23-50b4-568b-a887-bd76e0e1c38f;e8be81d1-f0a7-5859-a184-50e424050ad1;b609c06d-f653-5451-ae15-9a53b813c9e6;2aa97847-e32b-5974-bfbc-cfed9e55d065,,,
88853161-b7db-5a20-b5c5-666b69999a25,false,VinSHC vitals.can_nang,VinSHC Cân nặng,Cân nặng,VinSHC metadata v0.1.0; key=vitals.can_nang,Finding,Numeric,kg,true,2,,,,
6ad2f977-bd1a-5a3e-9f61-53a13c624a38,false,VinSHC vitals.can_nang_trang_thai,VinSHC Cân nặng - trạng thái dữ liệu,Cân nặng - trạng thái dữ liệu,VinSHC metadata v0.1.0; key=vitals.can_nang_trang_thai,Question,Coded,,,,87756945-c977-581e-ac81-61886e594ff0;c6c1126e-1d5f-5029-948c-87c86be16bde;dd1df938-28dc-5c9d-997e-253ed6a57ac3;d3dd7619-b5de-59d4-a843-f01029cef193;675d6c23-50b4-568b-a887-bd76e0e1c38f;e8be81d1-f0a7-5859-a184-50e424050ad1;b609c06d-f653-5451-ae15-9a53b813c9e6;2aa97847-e32b-5974-bfbc-cfed9e55d065,,,
e13865bd-3100-5aca-8e82-e8a6fb58321d,false,VinSHC vitals.chieu_cao,VinSHC Chiều cao,Chiều cao,VinSHC metadata v0.1.0; key=vitals.chieu_cao,Finding,Numeric,cm,true,2,,,,
a66b0680-1700-587e-9293-f62634761b4c,false,VinSHC vitals.chieu_cao_trang_thai,VinSHC Chiều cao - trạng thái dữ liệu,Chiều cao - trạng thái dữ liệu,VinSHC metadata v0.1.0; key=vitals.chieu_cao_trang_thai,Question,Coded,,,,87756945-c977-581e-ac81-61886e594ff0;c6c1126e-1d5f-5029-948c-87c86be16bde;dd1df938-28dc-5c9d-997e-253ed6a57ac3;d3dd7619-b5de-59d4-a843-f01029cef193;675d6c23-50b4-568b-a887-bd76e0e1c38f;e8be81d1-f0a7-5859-a184-50e424050ad1;b609c06d-f653-5451-ae15-9a53b813c9e6;2aa97847-e32b-5974-bfbc-cfed9e55d065,,,
c331d296-34b5-55ba-891f-094eadc1a2fc,false,VinSHC history.benh_su,VinSHC Bệnh sử / quá trình bệnh lý,Bệnh sử / quá trình bệnh lý,VinSHC metadata v0.1.0; key=history.benh_su,Finding,Text,,,,,,,
784c30c7-ccfc-5cf8-acb8-fbd50a583950,false,VinSHC history.tien_su_ban_than_trang_thai,VinSHC Trạng thái tiền sử bản thân,Trạng thái tiền sử bản thân,VinSHC metadata v0.1.0; key=history.tien_su_ban_than_trang_thai,Question,Coded,,,,8ea0e533-2ceb-58af-81df-36f941f3176e;43cebae2-7106-5c36-85f9-7bd21f8983fe;0c7202e7-5fc0-5825-8ef2-0a19409e9986;7f353edf-c9d9-5975-9a6e-7dcec0f9cd53,,,
93f6d05e-cddd-5583-a22a-9f9e42ece100,false,VinSHC history.tien_su_ban_than,VinSHC Tiền sử bản thân,Tiền sử bản thân,VinSHC metadata v0.1.0; key=history.tien_su_ban_than,Finding,Text,,,,,,,
93c7f2b7-2d10-5f92-a0c1-7ef3fa25a504,false,VinSHC history.tien_su_gia_dinh_trang_thai,VinSHC Trạng thái tiền sử gia đình,Trạng thái tiền sử gia đình,VinSHC metadata v0.1.0; key=history.tien_su_gia_dinh_trang_thai,Question,Coded,,,,8ea0e533-2ceb-58af-81df-36f941f3176e;43cebae2-7106-5c36-85f9-7bd21f8983fe;0c7202e7-5fc0-5825-8ef2-0a19409e9986;7f353edf-c9d9-5975-9a6e-7dcec0f9cd53,,,
4ebc119d-8d35-5473-9260-1c916d3b5bca,false,VinSHC history.tien_su_gia_dinh,VinSHC Tiền sử gia đình,Tiền sử gia đình,VinSHC metadata v0.1.0; key=history.tien_su_gia_dinh,Finding,Text,,,,,,,
7e32942f-1118-517c-ada7-4792b19ad7a5,false,VinSHC exam.trieu_chung,VinSHC Triệu chứng người bệnh kể,Triệu chứng người bệnh kể,VinSHC metadata v0.1.0; key=exam.trieu_chung,Finding,Text,,,,,,,
796a194b-2788-5425-8246-2cfee4a22361,false,VinSHC exam.toan_than,VinSHC Khám toàn thân,Khám toàn thân,VinSHC metadata v0.1.0; key=exam.toan_than,Finding,Text,,,,,,,
11b9a3fe-13aa-5b06-912a-da794a785771,false,VinSHC exam.bo_phan,VinSHC Khám các bộ phận,Khám các bộ phận,VinSHC metadata v0.1.0; key=exam.bo_phan,Finding,Text,,,,,,,
bd983586-db24-5e35-9822-d08ea8ebbf30,false,VinSHC exam.tom_tat,VinSHC Tóm tắt kết quả khám,Tóm tắt kết quả khám,VinSHC metadata v0.1.0; key=exam.tom_tat,Finding,Text,,,,,,,
3c89f03a-d6b8-5dcc-941d-b57af6718eb2,false,VinSHC exam.huong_dieu_tri,VinSHC Hướng điều trị,Hướng điều trị,VinSHC metadata v0.1.0; key=exam.huong_dieu_tri,Finding,Text,,,,,,,
d4b6c86d-4dd7-5339-b4de-2c75b267e2bd,false,VinSHC exam.loi_dan,VinSHC Lời dặn,Lời dặn,VinSHC metadata v0.1.0; key=exam.loi_dan,Finding,Text,,,,,,,
2351112f-d130-58d9-a55b-8d1f7d6872eb,false,VinSHC allergy.trang_thai,VinSHC Trạng thái sàng lọc dị ứng,Trạng thái sàng lọc dị ứng,VinSHC metadata v0.1.0; key=allergy.trang_thai,Question,Coded,,,,49423217-efbd-5a55-958e-2d564725db06;211345e1-bf3a-5520-a2d6-0cad885b5302;8c2a214d-1eb2-5918-b01d-4946a2c3d674;dc642a73-0f1a-5b91-8709-7763ad1611e9,,,
16686840-88fc-514a-b30a-81bc1c7650c9,false,VinSHC followup.ngay_tai_kham,VinSHC Ngày dự kiến tái khám,Ngày dự kiến tái khám,VinSHC metadata v0.1.0; key=followup.ngay_tai_kham,Finding,Date,,,,,,,
3dcc4c83-5342-5adc-87da-b8e9783bd367,false,VinSHC followup.loi_dan,VinSHC Điều kiện/lời dặn tái khám,Điều kiện/lời dặn tái khám,VinSHC metadata v0.1.0; key=followup.loi_dan,Finding,Text,,,,,,,
