field_code,label_vi,type,mvp,cardinality,required_when,storage_kind,storage_path,metadata_ref,metadata_uuid,obs_group,unit_ucum,missing_state_storage,code_list,rules,source_rows_pages,note
patient.uuid,UUID bệnh nhân,uuid,MVP-1,1,server_generated,native,Patient.uuid,,,,,provenance_adapter_contract,,R_UUID;R_LINK,MVP / hệ thống bổ sung,
patient.ma_noi_bo,Mã bệnh nhân nội bộ,text,MVP-1,1,on_create,identifier,Patient.identifiers[],identifier.internal,ca12ea64-d279-5cce-a2a9-e2c46446ac34,,,provenance_adapter_contract,,R_ID,"K01 (tr. 1, 5)",
patient.cccd,Số CCCD,text,MVP-1,0..1,optional,identifier,Patient.identifiers[],identifier.cccd,4e5406dc-8ff9-5486-98fa-5d95c6fe8233,,,provenance_adapter_contract,,R_ID,"K21 (tr. 1, 183)",Chỉ loại CCCD 12 số; CMND/hộ chiếu là identifier type khác nếu nhóm mở rộng.
patient.ma_bhxh,Mã BHXH,text,MVP-1,0..1,optional,identifier,Patient.identifiers[],identifier.bhxh,d7902062-a695-5bf3-8764-acf7f43e3238,,,provenance_adapter_contract,,R_ID,MVP / hệ thống bổ sung,Tách riêng BHXH và số thẻ BHYT; chưa hardcode quy tắc nghiệp vụ khi chưa có danh mục phiên bản.
patient.ma_bhyt,Số thẻ BHYT,text,MVP-1,0..n,optional,identifier,Patient.identifiers[],identifier.bhyt,e2b901c3-d442-565b-bff5-841aff260d2d,,,provenance_adapter_contract,,R_ID,"K24 (tr. 1, 5)",
patient.ho_ten,Họ tên đầy đủ,text,MVP-1,1,on_create,native,Person.names[],,,,,provenance_adapter_contract,,R_TEXT;R_ID,"K04 (tr. 1, 5)","Giữ tên hiển thị; adapter tách familyName/givenName/middleName, không đảo từ và không dùng tên làm khóa."
patient.gioi_tinh,Giới tính hành chính,coded,MVP-1,1,on_create,native,Person.gender,,,,,provenance_adapter_contract,gender,R_CHOICE,"K08 (tr. 1, 5)",Adapter xác nhận M/F/O/U trên baseline; không suy từ tên. FHIR male/female/other/unknown là mapping đích.
patient.ngay_sinh,Ngày sinh đủ ngày,date,MVP-1,0..1,if_birth_precision_day,native,Person.birthdate,,,,,provenance_adapter_contract,,R_DATE;R_DOB,K05 (tr. 1),
patient.ngay_sinh_uoc_luong,Cờ ngày sinh ước lượng,boolean,MVP-1,0..1,optional,native,Person.birthdateEstimated,,,,,provenance_adapter_contract,,R_DOB,MVP / hệ thống bổ sung,
patient.ngay_sinh_nguon,Ngày sinh nguyên văn,text,MVP-1,0..1,optional,person_attribute,person.attributes[].value,attribute.birth_raw,a4e0addf-5506-52d0-a6a8-d139d663d251,,,provenance_adapter_contract,,R_DOB,K05 (tr. 1); K06 (tr. 5),
patient.do_chinh_xac_ngay_sinh,Độ chính xác ngày sinh,coded,MVP-1,1,on_create,person_attribute,person.attributes[].value,attribute.birth_precision,6abda66e-da8a-5cd6-bd91-fa4199332d9f,,,provenance_adapter_contract,birth_precision,R_CHOICE;R_DOB,K05 (tr. 1); K06 (tr. 5),
patient.nam_sinh,Năm sinh,integer,MVP-1,0..1,if_birth_precision_year_or_month,person_attribute,person.attributes[].value,attribute.birth_year,e87a0244-d7e5-5f32-915c-96be9320a0bb,,,provenance_adapter_contract,,R_DOB,K06 (tr. 5),
patient.thang_sinh,Tháng sinh,integer,MVP-1,0..1,if_birth_precision_month,person_attribute,person.attributes[].value,attribute.birth_month,8a36009d-bebd-5d87-b625-f35f55e165d3,,,provenance_adapter_contract,,R_DOB,K05 (tr. 1),
patient.dien_thoai,Điện thoại người bệnh,text,MVP-1,0..1,optional,person_attribute,person.attributes[].value,attribute.phone,1aeef034-d2a0-56b4-a4c8-d856f17dc261,,,provenance_adapter_contract,,R_ID,MVP / hệ thống bổ sung,"Không lấy điện thoại người nhà K29 thay điện thoại người bệnh; chuỗi giữ +/0, xác minh riêng."
patient.nghe_nghiep,Nghề nghiệp nguyên văn,text,MVP-1,0..1,optional,person_attribute,person.attributes[].value,attribute.occupation,f3dbdece-1705-5587-a3f9-eb492606fc8b,,,provenance_adapter_contract,,R_TEXT,"K09 (tr. 1, 5)",
patient.dia_chi,Địa chỉ có cấu trúc,object,MVP-1,0..n,optional,native,Person.addresses[],,,,,provenance_adapter_contract,,R_ADDRESS,K15 (tr. 1); K16 (tr. 1); K17 (tr. 1); K19 (tr. 1),address1/cityVillage/stateProvince tương thích Core; mã tỉnh/xã và phiên bản cần extension/hierarchy được BE kiểm chứng.
patient.dia_chi_nguon,Địa chỉ nguyên văn,text,MVP-1,0..1,optional,person_attribute,person.attributes[].value,attribute.address_raw,b0591671-9096-5c68-a12b-a334646b8856,,,provenance_adapter_contract,,R_ADDRESS,K20 (tr. 5),
patient.dia_chi_cu,Địa chỉ theo giấy tờ cũ,text,MVP-1,0..1,optional,person_attribute,person.attributes[].value,attribute.address_legacy,3437b782-2af8-5e10-85fb-87b8335b0821,,,provenance_adapter_contract,,R_ADDRESS,K18 (tr. 1); K20 (tr. 5),
contact.ho_ten,Tên người liên hệ,text,MVP-1,0..n,optional,adapter_contract,PatientIdentity.contacts[].ho_ten,,,,,provenance_adapter_contract,,R_TEXT,"K27 (tr. 1, 5)",Quan hệ/contact lặp cần B2 chốt module/extension; không tạo Patient chỉ vì tên người nhà.
contact.quan_he,Quan hệ với bệnh nhân,text,MVP-1,0..n,optional,adapter_contract,PatientIdentity.contacts[].quan_he,,,,,provenance_adapter_contract,,R_TEXT,"K30 (tr. 125, 149)",Quan hệ/contact lặp cần B2 chốt module/extension; không tạo Patient chỉ vì tên người nhà.
contact.dien_thoai,Điện thoại người liên hệ,text,MVP-1,0..n,optional,adapter_contract,PatientIdentity.contacts[].dien_thoai,,,,,provenance_adapter_contract,,R_TEXT,"K29 (tr. 1, 5)",Quan hệ/contact lặp cần B2 chốt module/extension; không tạo Patient chỉ vì tên người nhà.
contact.dia_chi,Địa chỉ người liên hệ,text,MVP-1,0..n,optional,adapter_contract,PatientIdentity.contacts[].dia_chi,,,,,provenance_adapter_contract,,R_TEXT,"K28 (tr. 1, 5)",Quan hệ/contact lặp cần B2 chốt module/extension; không tạo Patient chỉ vì tên người nhà.
visit.uuid,UUID lượt khám,uuid,MVP-1,1,server_generated,native,Visit.uuid,,,,,provenance_adapter_contract,,R_UUID;R_LINK,MVP / hệ thống bổ sung,
visit.patient_uuid,Bệnh nhân của lượt,uuid,MVP-1,1,on_create,native,Visit.patient,,,,,provenance_adapter_contract,,R_UUID;R_LINK,MVP / hệ thống bổ sung,
visit.loai,Loại lượt khám,coded,MVP-1,1,on_create,native,Visit.visitType,,,,,provenance_adapter_contract,,R_UUID,MVP / hệ thống bổ sung,
visit.co_so_uuid,Cơ sở lượt khám,uuid,MVP-1,1,on_create,native,Visit.location,,,,,provenance_adapter_contract,,R_UUID;R_LINK,"K31 (tr. 1, 5)",
visit.bat_dau,Thời điểm bắt đầu lượt,datetime,MVP-1,1,on_create,native,Visit.startDatetime,,,,,provenance_adapter_contract,,R_TIME,K35 (tr. 5),
visit.ket_thuc,Thời điểm kết thúc lượt,datetime,MVP-1,0..1,on_close,native,Visit.stopDatetime,,,,,provenance_adapter_contract,,R_TIME,"K49 (tr. 1, 183)",Chỉ đóng sau xử lý workflow; stop không trước start.
visit.trang_thai,Đang mở / đã đóng,coded,MVP-1,0..1,optional,native,Derived from Visit.stopDatetime,,,,,provenance_adapter_contract,,R_FINAL,MVP / hệ thống bổ sung,"Trường suy ra, không ghi song song trạng thái khác với native stopDatetime."
visit.ly_do_kham,Lý do khám,text,MVP-1,0..1,on_consultation_finalize,obs,obs.value,visit.ly_do_kham,ce6ac27d-a555-5ddd-bd82-6dd575066adc,group.consultation,,provenance_adapter_contract,,R_TEXT;R_LINK,"K52 (tr. 3, 5)","Lưu trong encounter khám; tiếp đón dùng projection theo quyền, không đọc cả chart."
visit.ly_do_ket_thuc,Lý do kết thúc lượt,coded,MVP-1,0..1,on_close,obs,obs.value,visit.ly_do_ket_thuc,e54c1088-b2ad-534d-923e-8fb82019751f,group.administrative,,provenance_adapter_contract,visit_close_reason,R_CHOICE;R_LINK,K50 (tr. 1),
visit.ghi_chu_ket_thuc,Ghi chú kết thúc/bỏ về/hủy,text,MVP-1,0..1,if_close_reason_not_completed,obs,obs.value,visit.ghi_chu_ket_thuc,b3ccfa9b-2d9e-5f86-8816-70a74f30e6cf,group.administrative,,provenance_adapter_contract,,R_TEXT;R_LINK,K50 (tr. 1),
encounter.uuid,UUID lần ghi nhận,uuid,MVP-1,1,server_generated,native,Encounter.uuid,,,,,provenance_adapter_contract,,R_UUID;R_LINK,MVP / hệ thống bổ sung,
encounter.patient_uuid,Bệnh nhân,uuid,MVP-1,1,on_create,native,Encounter.patient,,,,,provenance_adapter_contract,,R_UUID;R_LINK,MVP / hệ thống bổ sung,
encounter.visit_uuid,Lượt khám,uuid,MVP-1,1,on_create,native,Encounter.visit,,,,,provenance_adapter_contract,,R_UUID;R_LINK,MVP / hệ thống bổ sung,
encounter.location_uuid,Địa điểm ghi nhận,uuid,MVP-1,1,on_create,native,Encounter.location,,,,,provenance_adapter_contract,,R_UUID;R_LINK,MVP / hệ thống bổ sung,
encounter.loai,Loại lần ghi nhận,coded,MVP-1,1,on_create,native,Encounter.encounterType,,,,,provenance_adapter_contract,,R_UUID;R_LINK,MVP / hệ thống bổ sung,
encounter.thoi_diem,Thời điểm khám/đo,datetime,MVP-1,1,on_create,native,Encounter.encounterDatetime,,,,,provenance_adapter_contract,,R_TIME,K35 (tr. 5); DR001 (tr. 6-63),
encounter.provider_uuid,Người thực hiện chuyên môn,uuid,MVP-1,1..n,for_clinical_encounters,native,Encounter.encounterProviders[].provider,,,,,provenance_adapter_contract,,R_UUID,"K102 (tr. 2, 4, 5)",Provider khác user tài khoản; mỗi dòng có encounterRole.
encounter.role_uuid,Vai trò người thực hiện,uuid,MVP-1,0..1,with_provider,native,Encounter.encounterProviders[].encounterRole,,,,,provenance_adapter_contract,,R_UUID,"K102 (tr. 2, 4, 5)",
vitals.mach,Mạch,number,MVP-1,0..1,optional,obs,obs.value,vitals.mach,263e4d0b-61d2-5517-bcb1-992cfb60675b,group.vitals,/min,vitals.mach_trang_thai,,R_NUM;R_POS,"K72 (tr. 3, 5)",Lặp theo nhóm/lần đo; ngưỡng bình thường/cảnh báo không cấu hình khi chưa có quy tắc lâm sàng.
vitals.mach_trang_thai,Mạch - trạng thái dữ liệu,coded,MVP-1,0..1,optional,obs,obs.value,vitals.mach_trang_thai,1452453f-cf72-5b97-b366-7541414f42c9,group.vitals,,provenance_adapter_contract,data_status,R_CHOICE;R_MISSING,MVP / hệ thống bổ sung,Đi với giá trị cùng nhóm. Không có obs giá trị khi trạng thái khác recorded.
vitals.ha_tam_thu,Huyết áp tâm thu,number,MVP-1,0..1,optional,obs,obs.value,vitals.ha_tam_thu,f8da18ad-2e26-55cd-954b-51d6e0738815,group.vitals,mm[Hg],vitals.ha_tam_thu_trang_thai,,R_NUM;R_POS;R_BP,"K74 (tr. 3, 5)",Lặp theo nhóm/lần đo; ngưỡng bình thường/cảnh báo không cấu hình khi chưa có quy tắc lâm sàng.
vitals.ha_tam_thu_trang_thai,Huyết áp tâm thu - trạng thái dữ liệu,coded,MVP-1,0..1,optional,obs,obs.value,vitals.ha_tam_thu_trang_thai,a0e3f46e-b74e-5bcd-85b5-c8a3a385b964,group.vitals,,provenance_adapter_contract,data_status,R_CHOICE;R_MISSING,MVP / hệ thống bổ sung,Đi với giá trị cùng nhóm. Không có obs giá trị khi trạng thái khác recorded.
vitals.ha_tam_truong,Huyết áp tâm trương,number,MVP-1,0..1,optional,obs,obs.value,vitals.ha_tam_truong,f97478e4-cce6-5cc5-89fa-cfd10bfe8794,group.vitals,mm[Hg],vitals.ha_tam_truong_trang_thai,,R_NUM;R_POS;R_BP,"K75 (tr. 3, 5)",Lặp theo nhóm/lần đo; ngưỡng bình thường/cảnh báo không cấu hình khi chưa có quy tắc lâm sàng.
vitals.ha_tam_truong_trang_thai,Huyết áp tâm trương - trạng thái dữ liệu,coded,MVP-1,0..1,optional,obs,obs.value,vitals.ha_tam_truong_trang_thai,3f3c8a87-d446-59ba-a877-c03a1dcf82c0,group.vitals,,provenance_adapter_contract,data_status,R_CHOICE;R_MISSING,MVP / hệ thống bổ sung,Đi với giá trị cùng nhóm. Không có obs giá trị khi trạng thái khác recorded.
vitals.nhiet_do,Nhiệt độ,number,MVP-1,0..1,optional,obs,obs.value,vitals.nhiet_do,55a6de05-e371-5a48-9440-a81d7ef2e364,group.vitals,Cel,vitals.nhiet_do_trang_thai,,R_NUM;R_NUM,"K73 (tr. 3, 5)",Lặp theo nhóm/lần đo; ngưỡng bình thường/cảnh báo không cấu hình khi chưa có quy tắc lâm sàng.
vitals.nhiet_do_trang_thai,Nhiệt độ - trạng thái dữ liệu,coded,MVP-1,0..1,optional,obs,obs.value,vitals.nhiet_do_trang_thai,78f5da85-8751-5492-a6a5-e5bdb1d61ea3,group.vitals,,provenance_adapter_contract,data_status,R_CHOICE;R_MISSING,MVP / hệ thống bổ sung,Đi với giá trị cùng nhóm. Không có obs giá trị khi trạng thái khác recorded.
vitals.nhip_tho,Nhịp thở,number,MVP-1,0..1,optional,obs,obs.value,vitals.nhip_tho,b82f1a4a-bbc9-55f0-8204-079bf1130457,group.vitals,/min,vitals.nhip_tho_trang_thai,,R_NUM;R_POS,"K76 (tr. 3, 5)",Lặp theo nhóm/lần đo; ngưỡng bình thường/cảnh báo không cấu hình khi chưa có quy tắc lâm sàng.
vitals.nhip_tho_trang_thai,Nhịp thở - trạng thái dữ liệu,coded,MVP-1,0..1,optional,obs,obs.value,vitals.nhip_tho_trang_thai,d3aa7eda-24b2-573b-91ad-1c8c4cdf8f57,group.vitals,,provenance_adapter_contract,data_status,R_CHOICE;R_MISSING,MVP / hệ thống bổ sung,Đi với giá trị cùng nhóm. Không có obs giá trị khi trạng thái khác recorded.
vitals.spo2,SpO2,number,MVP-1,0..1,optional,obs,obs.value,vitals.spo2,4ebf4ddf-fcbe-5bed-893b-114d6ec5f739,group.vitals,%,vitals.spo2_trang_thai,,R_NUM;R_PERCENT,MVP / hệ thống bổ sung,"Lặp theo nhóm/lần đo; ngưỡng bình thường/cảnh báo không cấu hình khi chưa có quy tắc lâm sàng. Mã 59408-5 chỉ phù hợp pulse oximetry; xác nhận phương pháp trước mapping SAME-AS, không suy từ nhãn SpO2."
vitals.spo2_trang_thai,SpO2 - trạng thái dữ liệu,coded,MVP-1,0..1,optional,obs,obs.value,vitals.spo2_trang_thai,7002d377-77a5-5914-bcbc-90ddd8c5d47e,group.vitals,,provenance_adapter_contract,data_status,R_CHOICE;R_MISSING,MVP / hệ thống bổ sung,Đi với giá trị cùng nhóm. Không có obs giá trị khi trạng thái khác recorded.
vitals.can_nang,Cân nặng,number,MVP-1,0..1,optional,obs,obs.value,vitals.can_nang,88853161-b7db-5a20-b5c5-666b69999a25,group.vitals,kg,vitals.can_nang_trang_thai,,R_NUM;R_POS,"K77 (tr. 3, 5)",Lặp theo nhóm/lần đo; ngưỡng bình thường/cảnh báo không cấu hình khi chưa có quy tắc lâm sàng.
vitals.can_nang_trang_thai,Cân nặng - trạng thái dữ liệu,coded,MVP-1,0..1,optional,obs,obs.value,vitals.can_nang_trang_thai,6ad2f977-bd1a-5a3e-9f61-53a13c624a38,group.vitals,,provenance_adapter_contract,data_status,R_CHOICE;R_MISSING,MVP / hệ thống bổ sung,Đi với giá trị cùng nhóm. Không có obs giá trị khi trạng thái khác recorded.
vitals.chieu_cao,Chiều cao,number,MVP-1,0..1,optional,obs,obs.value,vitals.chieu_cao,e13865bd-3100-5aca-8e82-e8a6fb58321d,group.vitals,cm,vitals.chieu_cao_trang_thai,,R_NUM;R_POS,MVP / hệ thống bổ sung,Lặp theo nhóm/lần đo; ngưỡng bình thường/cảnh báo không cấu hình khi chưa có quy tắc lâm sàng.
vitals.chieu_cao_trang_thai,Chiều cao - trạng thái dữ liệu,coded,MVP-1,0..1,optional,obs,obs.value,vitals.chieu_cao_trang_thai,a66b0680-1700-587e-9293-f62634761b4c,group.vitals,,provenance_adapter_contract,data_status,R_CHOICE;R_MISSING,MVP / hệ thống bổ sung,Đi với giá trị cùng nhóm. Không có obs giá trị khi trạng thái khác recorded.
vitals.thoi_diem_do,Thời điểm đo,datetime,MVP-1,1,with_vitals_group,native,Obs.obsDatetime,,,,,provenance_adapter_contract,,R_TIME,"K72 (tr. 3, 5); K73 (tr. 3, 5)",Cùng thời điểm cho nhóm và các thành viên; tách dateCreated.
history.benh_su,Bệnh sử / quá trình bệnh lý,text,MVP-1,0..1,optional,obs,obs.value,history.benh_su,c331d296-34b5-55ba-891f-094eadc1a2fc,group.consultation,,provenance_adapter_contract,,R_TEXT;R_LINK,"K54 (tr. 3, 5)",
history.tien_su_ban_than_trang_thai,Trạng thái tiền sử bản thân,coded,MVP-1,0..1,optional,obs,obs.value,history.tien_su_ban_than_trang_thai,784c30c7-ccfc-5cf8-acb8-fbd50a583950,group.consultation,,provenance_adapter_contract,history_status,R_CHOICE;R_HISTORY,"K55 (tr. 3, 5)",
history.tien_su_ban_than,Tiền sử bản thân,text,MVP-1,0..1,if_personal_history_present,obs,obs.value,history.tien_su_ban_than,93f6d05e-cddd-5583-a22a-9f9e42ece100,group.consultation,,history.tien_su_ban_than_trang_thai,,R_HISTORY,"K55 (tr. 3, 5)",
history.tien_su_gia_dinh_trang_thai,Trạng thái tiền sử gia đình,coded,MVP-1,0..1,optional,obs,obs.value,history.tien_su_gia_dinh_trang_thai,93c7f2b7-2d10-5f92-a0c1-7ef3fa25a504,group.consultation,,provenance_adapter_contract,history_status,R_CHOICE;R_HISTORY,"K56 (tr. 3, 5)",
history.tien_su_gia_dinh,Tiền sử gia đình,text,MVP-1,0..1,if_family_history_present,obs,obs.value,history.tien_su_gia_dinh,4ebc119d-8d35-5473-9260-1c916d3b5bca,group.consultation,,history.tien_su_gia_dinh_trang_thai,,R_HISTORY,"K56 (tr. 3, 5)",
exam.trieu_chung,Triệu chứng người bệnh kể,text,MVP-1,0..1,optional,obs,obs.value,exam.trieu_chung,7e32942f-1118-517c-ada7-4792b19ad7a5,group.consultation,,provenance_adapter_contract,,R_TEXT;R_LINK,"K54 (tr. 3, 5)",
exam.toan_than,Khám toàn thân,text,MVP-1,0..1,optional,obs,obs.value,exam.toan_than,796a194b-2788-5425-8246-2cfee4a22361,group.consultation,,provenance_adapter_contract,,R_TEXT;R_LINK,"K60 (tr. 3, 5)",
exam.bo_phan,Khám các bộ phận,text,MVP-1,0..1,optional,obs,obs.value,exam.bo_phan,11b9a3fe-13aa-5b06-912a-da794a785771,group.consultation,,provenance_adapter_contract,,R_TEXT;R_LINK,K71 (tr. 5),"Bản MVP văn bản, không tự triển khai thang điểm/tất cả chuyên khoa trong S01."
exam.tom_tat,Tóm tắt kết quả khám,text,MVP-1,0..1,optional,obs,obs.value,exam.tom_tat,bd983586-db24-5e35-9822-d08ea8ebbf30,group.consultation,,provenance_adapter_contract,,R_TEXT;R_LINK,"K78 (tr. 4, 5)",
exam.huong_dieu_tri,Hướng điều trị,text,MVP-1,0..1,optional,obs,obs.value,exam.huong_dieu_tri,3c89f03a-d6b8-5dcc-941d-b57af6718eb2,group.consultation,,provenance_adapter_contract,,R_TEXT;R_LINK,K93 (tr. 4),
exam.loi_dan,Lời dặn,text,MVP-1,0..1,optional,obs,obs.value,exam.loi_dan,d4b6c86d-4dd7-5339-b4de-2c75b267e2bd,group.consultation,,provenance_adapter_contract,,R_TEXT;R_LINK,RX015 (tr. 115-123),
allergy.trang_thai,Trạng thái sàng lọc dị ứng,coded,MVP-1,0..1,on_consultation_finalize,obs,obs.value,allergy.trang_thai,2351112f-d130-58d9-a55b-8d1f7d6872eb,group.consultation,,provenance_adapter_contract,allergy_status,R_CHOICE;R_ALLERGY,K57 (tr. 3); K58 (tr. 3),
allergy.uuid,UUID dị ứng,uuid,MVP-1,0..n,optional,adapter_contract,Allergy.uuid,,,,,provenance_adapter_contract,,R_ALLERGY;R_LINK,K57 (tr. 3),Mã severity/reaction từ dictionary đã duyệt; không tự tạo từ triệu chứng hay chấm mức độ.
allergy.tac_nhan,Tác nhân dị ứng,object,MVP-1,0..n,if_allergy_present,adapter_contract,Allergy.allergen,,,,,provenance_adapter_contract,,R_ALLERGY;R_LINK,K57 (tr. 3),Mã severity/reaction từ dictionary đã duyệt; không tự tạo từ triệu chứng hay chấm mức độ.
allergy.phan_ung,Phản ứng ghi nhận,array,MVP-1,0..n,optional,adapter_contract,Allergy.reactions,,,,,provenance_adapter_contract,,R_ALLERGY;R_LINK,K57 (tr. 3),Mã severity/reaction từ dictionary đã duyệt; không tự tạo từ triệu chứng hay chấm mức độ.
allergy.muc_do,Mức độ ghi nhận,object,MVP-1,0..n,optional,adapter_contract,Allergy.severity,,,,,provenance_adapter_contract,,R_ALLERGY;R_LINK,K57 (tr. 3),Mã severity/reaction từ dictionary đã duyệt; không tự tạo từ triệu chứng hay chấm mức độ.
allergy.ghi_chu,Ghi chú dị ứng,text,MVP-1,0..n,optional,adapter_contract,Allergy.comment,,,,,provenance_adapter_contract,,R_ALLERGY;R_LINK,K57 (tr. 3),Mã severity/reaction từ dictionary đã duyệt; không tự tạo từ triệu chứng hay chấm mức độ.
dx.chinh,Chẩn đoán chính,object,MVP-1,0..1,on_consultation_finalize,adapter_contract,Diagnosis.primary,,,,,provenance_adapter_contract,,R_DX;R_LINK,"K83 (tr. 1, 4)","Dùng diagnosis native sau B4, không lưu chẩn đoán xác định bằng free-text obs để thay API diagnosis. Chính/kèm theo là DTO ứng dụng; native Diagnosis có một bản ghi mỗi dòng và primary/rank phải được adapter xác nhận."
dx.kem_theo,Chẩn đoán kèm theo,array,MVP-1,0..n,optional,adapter_contract,Diagnosis.secondary[],,,,,provenance_adapter_contract,,R_DX;R_LINK,"K84 (tr. 1, 4)","Dùng diagnosis native sau B4, không lưu chẩn đoán xác định bằng free-text obs để thay API diagnosis."
dx.ma,Mã chẩn đoán,text,MVP-1,0..1,optional,adapter_contract,Diagnosis.diagnosis.coded,,,,,provenance_adapter_contract,,R_DX;R_LINK,"K87 (tr. 1, 5)","Dùng diagnosis native sau B4, không lưu chẩn đoán xác định bằng free-text obs để thay API diagnosis."
dx.ten_nguon,Tên chẩn đoán nguồn,text,MVP-1,0..1,optional,adapter_contract,Diagnosis.diagnosis.nonCoded,,,,,provenance_adapter_contract,,R_DX;R_LINK,"K81 (tr. 1); K82 (tr. 1, 4)","Dùng diagnosis native sau B4, không lưu chẩn đoán xác định bằng free-text obs để thay API diagnosis."
dx.he_ma,Hệ mã và phiên bản,object,MVP-1,0..1,optional,adapter_contract,Diagnosis.codeSystem,,,,,provenance_adapter_contract,,R_DX;R_LINK,"K87 (tr. 1, 5)","Dùng diagnosis native sau B4, không lưu chẩn đoán xác định bằng free-text obs để thay API diagnosis."
dx.do_chac_chan,Mức chắc chắn,coded,MVP-1,0..1,on_consultation_finalize,adapter_contract,Diagnosis.certainty,,,,,provenance_adapter_contract,diagnosis_certainty,R_DX;R_LINK,K85 (tr. 4),"Dùng diagnosis native sau B4, không lưu chẩn đoán xác định bằng free-text obs để thay API diagnosis."
dx.vai_tro,Chính/kèm theo,coded,MVP-1,0..1,on_consultation_finalize,adapter_contract,Diagnosis.rank,,,,,provenance_adapter_contract,diagnosis_rank,R_DX;R_LINK,"K83 (tr. 1, 4); K84 (tr. 1, 4)","Dùng diagnosis native sau B4, không lưu chẩn đoán xác định bằng free-text obs để thay API diagnosis."
followup.ngay_tai_kham,Ngày dự kiến tái khám,date,MVP-1,0..1,optional,obs,obs.value,followup.ngay_tai_kham,16686840-88fc-514a-b30a-81bc1c7650c9,group.consultation,,provenance_adapter_contract,,R_DATE;R_LINK,RX016 (tr. 123),Ngày đã chọn rõ; chưa có giờ/slot không tạo Appointment.
followup.loi_dan,Điều kiện/lời dặn tái khám,text,MVP-1,0..1,optional,obs,obs.value,followup.loi_dan,3dcc4c83-5342-5adc-87da-b8e9783bd367,group.consultation,,provenance_adapter_contract,,R_TEXT;R_LINK,RX017 (tr. 123),
rx.uuid,UUID dòng thuốc,uuid,MVP-1,0..n,optional,adapter_contract,DrugOrder.uuid,,,,,provenance_adapter_contract,,R_RX;R_LINK,RX002 (tr. 115-123),"Schema native DrugOrder cần B4 xác nhận với careSetting, orderType, urgency, dosingType."
rx.thuoc,Chế phẩm thuốc,uuid,MVP-1,0..n,on_prescription_confirm,adapter_contract,DrugOrder.drug,,,,,provenance_adapter_contract,,R_RX;R_LINK,RX009 (tr. 115-123); RX010 (tr. 115-123),"Schema native DrugOrder cần B4 xác nhận với careSetting, orderType, urgency, dosingType."
rx.lieu_dung,Liều mỗi lần,number,MVP-1,0..n,on_prescription_confirm,adapter_contract,DrugOrder.dose,,,,,provenance_adapter_contract,,R_RX;R_POS;R_LINK,YL011 (tr. 6-63),"Schema native DrugOrder cần B4 xác nhận với careSetting, orderType, urgency, dosingType."
rx.don_vi_lieu,Đơn vị liều,uuid,MVP-1,0..n,on_prescription_confirm,adapter_contract,DrugOrder.doseUnits,,,,,provenance_adapter_contract,,R_RX;R_LINK,YL011 (tr. 6-63),"Schema native DrugOrder cần B4 xác nhận với careSetting, orderType, urgency, dosingType."
rx.duong_dung,Đường dùng,uuid,MVP-1,0..n,on_prescription_confirm,adapter_contract,DrugOrder.route,,,,,provenance_adapter_contract,,R_RX;R_LINK,YL010 (tr. 6-63),"Schema native DrugOrder cần B4 xác nhận với careSetting, orderType, urgency, dosingType."
rx.tan_suat,Tần suất,uuid,MVP-1,0..n,on_prescription_confirm,adapter_contract,DrugOrder.frequency,,,,,provenance_adapter_contract,,R_RX;R_LINK,YL012 (tr. 6-63),"Schema native DrugOrder cần B4 xác nhận với careSetting, orderType, urgency, dosingType."
rx.huong_dan_nguon,Hướng dẫn dùng nguyên văn,text,MVP-1,0..n,optional,adapter_contract,DrugOrder.dosingInstructions,,,,,provenance_adapter_contract,,R_RX;R_LINK,RX013 (tr. 115-123),"Schema native DrugOrder cần B4 xác nhận với careSetting, orderType, urgency, dosingType."
rx.so_luong,Số lượng kê/cấp,number,MVP-1,0..n,on_prescription_confirm,adapter_contract,DrugOrder.quantity,,,,,provenance_adapter_contract,,R_RX;R_POS;R_LINK,RX011 (tr. 115-123),"Schema native DrugOrder cần B4 xác nhận với careSetting, orderType, urgency, dosingType."
rx.don_vi_so_luong,Đơn vị cấp,uuid,MVP-1,0..n,on_prescription_confirm,adapter_contract,DrugOrder.quantityUnits,,,,,provenance_adapter_contract,,R_RX;R_LINK,RX012 (tr. 115-123),"Schema native DrugOrder cần B4 xác nhận với careSetting, orderType, urgency, dosingType."
rx.so_ngay,Thời gian dùng,integer,MVP-1,0..n,optional,adapter_contract,DrugOrder.duration,,,,,provenance_adapter_contract,,R_RX;R_LINK;R_POS,RX023 (tr. 115-123),Số ngày = duration + durationUnits ngày; không suy từ số viên.
rx.don_vi_thoi_gian,Đơn vị thời gian dùng,uuid,MVP-1,0..n,optional,adapter_contract,DrugOrder.durationUnits,,,,,provenance_adapter_contract,,R_RX;R_LINK,RX023 (tr. 115-123),"Schema native DrugOrder cần B4 xác nhận với careSetting, orderType, urgency, dosingType."
rx.bat_dau,Thời điểm bắt đầu dùng,datetime,MVP-1,0..n,optional,adapter_contract,DrugOrder.dateActivated,,,,,provenance_adapter_contract,,R_RX;R_LINK,RX023 (tr. 115-123),"Schema native DrugOrder cần B4 xác nhận với careSetting, orderType, urgency, dosingType."
rx.ket_thuc,Thời điểm kết thúc kê,datetime,MVP-1,0..n,optional,adapter_contract,DrugOrder.autoExpireDate,,,,,provenance_adapter_contract,,R_RX;R_LINK,RX023 (tr. 115-123),"Schema native DrugOrder cần B4 xác nhận với careSetting, orderType, urgency, dosingType."
rx.nguoi_ke_uuid,Người kê,uuid,MVP-1,0..n,on_prescription_confirm,adapter_contract,DrugOrder.orderer,,,,,provenance_adapter_contract,,R_RX;R_LINK,RX006 (tr. 115-123),"Schema native DrugOrder cần B4 xác nhận với careSetting, orderType, urgency, dosingType."
rx.loi_dan,Lời dặn đơn thuốc,text,MVP-1,0..1,optional,adapter_contract,PrescriptionSnapshot.note,,,,,provenance_adapter_contract,,R_RX;R_LINK,RX015 (tr. 115-123),"Schema native DrugOrder cần B4 xác nhận với careSetting, orderType, urgency, dosingType."
rx.trang_thai,Trạng thái đơn,coded,MVP-1,0..1,optional,adapter_contract,PrescriptionSnapshot.status,,,,,provenance_adapter_contract,prescription_status,R_RX;R_LINK,MVP / hệ thống bổ sung,"Schema native DrugOrder cần B4 xác nhận với careSetting, orderType, urgency, dosingType."
order.uuid,UUID chỉ định,uuid,MVP-2,0..1,on_order_create,adapter_contract,Order.uuid,,,,,provenance_adapter_contract,,R_ORDER;R_LINK,CD001 (tr. 64-73),
order.dich_vu,Mã dịch vụ,uuid,MVP-2,0..1,on_order_create,adapter_contract,Order.concept,,,,,provenance_adapter_contract,,R_ORDER;R_LINK,CD017 (tr. 64-73),
order.patient_uuid,Bệnh nhân của chỉ định,uuid,MVP-2,0..1,on_order_create,adapter_contract,Order.patient,,,,,provenance_adapter_contract,,R_ORDER;R_LINK,MVP / hệ thống bổ sung,
order.encounter_uuid,Lần khám ra chỉ định,uuid,MVP-2,0..1,on_order_create,adapter_contract,Order.encounter,,,,,provenance_adapter_contract,,R_ORDER;R_LINK,MVP / hệ thống bổ sung,
order.thoi_diem,Thời điểm chỉ định,datetime,MVP-2,0..1,on_order_create,adapter_contract,Order.dateActivated,,,,,provenance_adapter_contract,,R_ORDER;R_LINK;R_TIME,LB008 (tr. 102-104),
order.uu_tien,Ưu tiên chỉ định,coded,MVP-2,0..1,on_order_create,adapter_contract,Order.urgency,,,,,provenance_adapter_contract,priority,R_ORDER;R_LINK,LB004 (tr. 100-101),
order.nguoi_thuc_hien_uuid,KTV/đơn vị được giao,uuid,MVP-2,0..1,on_order_create,adapter_contract,OrderAssignment.assignee,,,,,provenance_adapter_contract,,R_ORDER;R_LINK,MVP / hệ thống bổ sung,
order.trang_thai,Trạng thái thực hiện,coded,MVP-2,0..1,on_order_create,adapter_contract,OrderExecution.status,,,,,provenance_adapter_contract,order_status,R_ORDER;R_LINK,MVP / hệ thống bổ sung,
result.order_uuid,Chỉ định liên quan,uuid,MVP-2,0..n,on_result_save,adapter_contract,Result.order,,,,,provenance_adapter_contract,,R_ORDER;R_FINAL,LB003 (tr. 100-101),"Khoảng tham chiếu thuộc phiếu/phương pháp, không phải giới hạn nhập hoặc kết luận của hệ thống."
result.chi_so,Concept chỉ số,uuid,MVP-2,0..n,on_result_save,adapter_contract,Obs.concept,,,,,provenance_adapter_contract,,R_ORDER;R_FINAL,LB016 (tr. 100-104),"Khoảng tham chiếu thuộc phiếu/phương pháp, không phải giới hạn nhập hoặc kết luận của hệ thống."
result.kieu_gia_tri,Kiểu giá trị,coded,MVP-2,0..n,on_result_save,adapter_contract,Result.valueType,,,,,provenance_adapter_contract,result_type,R_ORDER;R_FINAL,LB018 (tr. 100-104),"Khoảng tham chiếu thuộc phiếu/phương pháp, không phải giới hạn nhập hoặc kết luận của hệ thống."
result.gia_tri_so,Kết quả số,number,MVP-2,0..n,optional,adapter_contract,Obs.valueNumeric,,,,,provenance_adapter_contract,,R_ORDER;R_FINAL;R_NUM,LB019 (tr. 100-104),"Khoảng tham chiếu thuộc phiếu/phương pháp, không phải giới hạn nhập hoặc kết luận của hệ thống."
result.gia_tri_nguon,Kết quả nguyên văn,text,MVP-2,0..n,optional,adapter_contract,Result.rawValue,,,,,provenance_adapter_contract,,R_ORDER;R_FINAL,LB017 (tr. 100-104),"Khoảng tham chiếu thuộc phiếu/phương pháp, không phải giới hạn nhập hoặc kết luận của hệ thống."
result.don_vi,Đơn vị nguồn và mã UCUM,object,MVP-2,0..n,optional,adapter_contract,Result.unit,,,,,provenance_adapter_contract,,R_ORDER;R_FINAL,LB020 (tr. 100-104),"Khoảng tham chiếu thuộc phiếu/phương pháp, không phải giới hạn nhập hoặc kết luận của hệ thống."
result.khoang_tham_chieu,Khoảng tham chiếu theo phiếu,text,MVP-2,0..n,optional,adapter_contract,Result.referenceText,,,,,provenance_adapter_contract,,R_ORDER;R_FINAL,LB021 (tr. 100-104),"Khoảng tham chiếu thuộc phiếu/phương pháp, không phải giới hạn nhập hoặc kết luận của hệ thống."
result.lay_mau_luc,Thời điểm lấy mẫu,datetime,MVP-2,0..n,optional,adapter_contract,Result.collectedAt,,,,,provenance_adapter_contract,,R_ORDER;R_FINAL;R_TIME,LB010 (tr. 100-104),"Khoảng tham chiếu thuộc phiếu/phương pháp, không phải giới hạn nhập hoặc kết luận của hệ thống."
result.ket_qua_luc,Thời điểm kết quả,datetime,MVP-2,0..n,optional,adapter_contract,Obs.obsDatetime,,,,,provenance_adapter_contract,,R_ORDER;R_FINAL;R_TIME,LB014 (tr. 100-104),"Khoảng tham chiếu thuộc phiếu/phương pháp, không phải giới hạn nhập hoặc kết luận của hệ thống."
result.nguoi_duyet_uuid,Người duyệt kết quả,uuid,MVP-2,0..n,optional,adapter_contract,Result.verifiedBy,,,,,provenance_adapter_contract,,R_ORDER;R_FINAL,LB013 (tr. 100-104),"Khoảng tham chiếu thuộc phiếu/phương pháp, không phải giới hạn nhập hoặc kết luận của hệ thống."
result.trang_thai,Trạng thái kết quả,coded,MVP-2,0..n,optional,adapter_contract,Result.status,,,,,provenance_adapter_contract,result_status,R_ORDER;R_FINAL,MVP / hệ thống bổ sung,"Khoảng tham chiếu thuộc phiếu/phương pháp, không phải giới hạn nhập hoặc kết luận của hệ thống."
result.tep_uuid,Tài liệu kết quả,uuid,MVP-2,0..n,optional,adapter_contract,Result.document,,,,,provenance_adapter_contract,,R_ORDER;R_FINAL,MVP / hệ thống bổ sung,"Khoảng tham chiếu thuộc phiếu/phương pháp, không phải giới hạn nhập hoặc kết luận của hệ thống."
document.uuid,UUID tài liệu,uuid,MVP-2,0..1,optional,adapter_contract,ClinicalDocument.uuid,,,,,provenance_adapter_contract,,R_FILE;R_PROVENANCE;R_FINAL,MVP / hệ thống bổ sung,
document.patient_uuid,Bệnh nhân tài liệu,uuid,MVP-2,0..1,on_upload,adapter_contract,ClinicalDocument.patient_uuid,,,,,provenance_adapter_contract,,R_FILE;R_PROVENANCE;R_FINAL,MVP / hệ thống bổ sung,
document.visit_uuid,Lượt khám liên quan,uuid,MVP-2,0..1,optional,adapter_contract,ClinicalDocument.visit_uuid,,,,,provenance_adapter_contract,,R_FILE;R_PROVENANCE;R_FINAL,MVP / hệ thống bổ sung,
document.loai,Loại tài liệu,text,MVP-2,0..1,optional,adapter_contract,ClinicalDocument.loai,,,,,provenance_adapter_contract,,R_FILE;R_PROVENANCE;R_FINAL,MVP / hệ thống bổ sung,
document.mime,MIME type,text,MVP-2,0..1,on_upload,adapter_contract,ClinicalDocument.mime,,,,,provenance_adapter_contract,,R_FILE;R_PROVENANCE;R_FINAL,MVP / hệ thống bổ sung,
document.kich_thuoc,Kích thước byte,integer,MVP-2,0..1,on_upload,adapter_contract,ClinicalDocument.kich_thuoc,,,,,provenance_adapter_contract,,R_FILE;R_PROVENANCE;R_FINAL;R_POS,MVP / hệ thống bổ sung,
document.sha256,Hash SHA-256,text,MVP-2,0..1,on_upload,adapter_contract,ClinicalDocument.sha256,,,,,provenance_adapter_contract,,R_FILE;R_PROVENANCE;R_FINAL,MVP / hệ thống bổ sung,
document.trang_thai,Trạng thái tài liệu,coded,MVP-2,0..1,optional,adapter_contract,ClinicalDocument.trang_thai,,,,,provenance_adapter_contract,document_status,R_FILE;R_PROVENANCE;R_FINAL,MVP / hệ thống bổ sung,
document.phien_ban,Phiên bản tài liệu,text,MVP-2,0..1,optional,adapter_contract,ClinicalDocument.phien_ban,,,,,provenance_adapter_contract,,R_FILE;R_PROVENANCE;R_FINAL,MVP / hệ thống bổ sung,
appointment.uuid,UUID lịch hẹn,uuid,MVP-2,0..1,on_appointment_create,adapter_contract,Appointment.uuid,,,,,provenance_adapter_contract,,R_UUID;R_NATIVE,MVP / hệ thống bổ sung,"Tên DTO, không giả là endpoint/enum native Appointments. Người 4 sở hữu cấu hình dịch vụ/queue và slot."
appointment.patient_uuid,Bệnh nhân lịch hẹn,uuid,MVP-2,0..1,on_appointment_create,adapter_contract,Appointment.patient_uuid,,,,,provenance_adapter_contract,,R_UUID;R_NATIVE,MVP / hệ thống bổ sung,"Tên DTO, không giả là endpoint/enum native Appointments. Người 4 sở hữu cấu hình dịch vụ/queue và slot."
appointment.provider_uuid,Người khám,uuid,MVP-2,0..1,on_appointment_create,adapter_contract,Appointment.provider_uuid,,,,,provenance_adapter_contract,,R_UUID;R_NATIVE,MVP / hệ thống bổ sung,"Tên DTO, không giả là endpoint/enum native Appointments. Người 4 sở hữu cấu hình dịch vụ/queue và slot."
appointment.location_uuid,Cơ sở/phòng,uuid,MVP-2,0..1,on_appointment_create,adapter_contract,Appointment.location_uuid,,,,,provenance_adapter_contract,,R_UUID;R_NATIVE,MVP / hệ thống bổ sung,"Tên DTO, không giả là endpoint/enum native Appointments. Người 4 sở hữu cấu hình dịch vụ/queue và slot."
appointment.bat_dau,Giờ bắt đầu hẹn,datetime,MVP-2,0..1,on_appointment_create,adapter_contract,Appointment.bat_dau,,,,,provenance_adapter_contract,,R_TIME;R_NATIVE,MVP / hệ thống bổ sung,"Tên DTO, không giả là endpoint/enum native Appointments. Người 4 sở hữu cấu hình dịch vụ/queue và slot."
appointment.ket_thuc,Giờ kết thúc hẹn,datetime,MVP-2,0..1,on_appointment_create,adapter_contract,Appointment.ket_thuc,,,,,provenance_adapter_contract,,R_TIME;R_NATIVE,MVP / hệ thống bổ sung,"Tên DTO, không giả là endpoint/enum native Appointments. Người 4 sở hữu cấu hình dịch vụ/queue và slot."
appointment.trang_thai,Trạng thái lịch hẹn,coded,MVP-2,0..1,on_appointment_create,adapter_contract,Appointment.trang_thai,,,,,provenance_adapter_contract,appointment_status,R_CHOICE,MVP / hệ thống bổ sung,"Tên DTO, không giả là endpoint/enum native Appointments. Người 4 sở hữu cấu hình dịch vụ/queue và slot."
bill.uuid,UUID phiếu phí,uuid,MVP-2,1,on_bill_create,adapter_contract,Bill.uuid,,,,,provenance_adapter_contract,,R_NATIVE,MVP / hệ thống bổ sung,"Snapshot giá có hiệu lực lúc lập; quy tắc làm tròn khi số lượng lẻ do cơ sở chốt, không hardcode."
bill.patient_uuid,Người bệnh thanh toán,uuid,MVP-2,1,on_bill_create,adapter_contract,Bill.patient_uuid,,,,,provenance_adapter_contract,,R_NATIVE,MVP / hệ thống bổ sung,"Snapshot giá có hiệu lực lúc lập; quy tắc làm tròn khi số lượng lẻ do cơ sở chốt, không hardcode."
bill.visit_uuid,Lượt của phiếu phí,uuid,MVP-2,1,on_bill_create,adapter_contract,Bill.visit_uuid,,,,,provenance_adapter_contract,,R_NATIVE,MVP / hệ thống bổ sung,"Snapshot giá có hiệu lực lúc lập; quy tắc làm tròn khi số lượng lẻ do cơ sở chốt, không hardcode."
bill.dich_vu,Mã dịch vụ dòng phí,uuid,MVP-2,1..n,on_bill_create,adapter_contract,Bill.dich_vu,,,,,provenance_adapter_contract,,R_NATIVE,MVP / hệ thống bổ sung,"Snapshot giá có hiệu lực lúc lập; quy tắc làm tròn khi số lượng lẻ do cơ sở chốt, không hardcode."
bill.ten_snapshot,Tên dịch vụ lúc lập phí,text,MVP-2,1..n,on_bill_create,adapter_contract,Bill.ten_snapshot,,,,,provenance_adapter_contract,,R_NATIVE,MVP / hệ thống bổ sung,"Snapshot giá có hiệu lực lúc lập; quy tắc làm tròn khi số lượng lẻ do cơ sở chốt, không hardcode."
bill.so_luong,Số lượng dịch vụ,number,MVP-2,1..n,on_bill_create,adapter_contract,Bill.so_luong,,,,,provenance_adapter_contract,,R_POS,MVP / hệ thống bổ sung,"Snapshot giá có hiệu lực lúc lập; quy tắc làm tròn khi số lượng lẻ do cơ sở chốt, không hardcode."
bill.don_gia,Đơn giá VND snapshot,integer,MVP-2,1..n,on_bill_create,adapter_contract,Bill.don_gia,,,,,provenance_adapter_contract,,R_MONEY,MVP / hệ thống bổ sung,"Snapshot giá có hiệu lực lúc lập; quy tắc làm tròn khi số lượng lẻ do cơ sở chốt, không hardcode."
bill.so_tien,Thành tiền VND,integer,MVP-2,1,on_bill_create,adapter_contract,Bill.so_tien,,,,,provenance_adapter_contract,,R_MONEY,MVP / hệ thống bổ sung,"Snapshot giá có hiệu lực lúc lập; quy tắc làm tròn khi số lượng lẻ do cơ sở chốt, không hardcode."
bill.trang_thai,Trạng thái thu,coded,MVP-2,1,on_bill_create,adapter_contract,Bill.trang_thai,,,,,provenance_adapter_contract,bill_status,R_CHOICE;R_PAY,MVP / hệ thống bổ sung,"Snapshot giá có hiệu lực lúc lập; quy tắc làm tròn khi số lượng lẻ do cơ sở chốt, không hardcode."
payment.uuid,UUID giao dịch,uuid,MVP-2,0..1,server_generated,adapter_contract,PaymentTransaction.uuid,,,,,provenance_adapter_contract,,R_PAY,"FI004 (tr. 147, 184-185)",
payment.bill_uuid,Phiếu phí liên quan,uuid,MVP-2,0..1,on_payment,adapter_contract,PaymentTransaction.bill_uuid,,,,,provenance_adapter_contract,,R_PAY,MVP / hệ thống bổ sung,
payment.loai,Thu / hoàn,coded,MVP-2,0..1,on_payment,adapter_contract,PaymentTransaction.loai,,,,,provenance_adapter_contract,payment_kind,R_PAY,"FI010 (tr. 147, 184-185)",
payment.so_tien,Tiền giao dịch VND,integer,MVP-2,0..1,on_payment,adapter_contract,PaymentTransaction.so_tien,,,,,provenance_adapter_contract,,R_PAY;R_MONEY,FI012 (tr. 147),
payment.thoi_diem,Thời điểm giao dịch,datetime,MVP-2,0..1,on_payment,adapter_contract,PaymentTransaction.thoi_diem,,,,,provenance_adapter_contract,,R_PAY;R_TIME,"FI008 (tr. 147, 184-185)",Server ghi thời điểm giao dịch; không tin thời gian khách tự gửi làm timestamp thu tiền.
payment.giao_dich_goc_uuid,Giao dịch bị hoàn,uuid,MVP-2,0..1,if_refund,adapter_contract,PaymentTransaction.giao_dich_goc_uuid,,,,,provenance_adapter_contract,,R_PAY,MVP / hệ thống bổ sung,
payment.ly_do,Lý do hoàn/hủy,text,MVP-2,0..1,if_refund,adapter_contract,PaymentTransaction.ly_do,,,,,provenance_adapter_contract,,R_PAY,FI011 (tr. 147),
payment.idempotency_key,Khóa chống giao dịch trùng,text,MVP-2,0..1,on_payment,adapter_contract,PaymentTransaction.idempotency_key,,,,,provenance_adapter_contract,,R_PAY,MVP / hệ thống bổ sung,
dispense.uuid,UUID lần cấp thuốc,uuid,MVP-2,0..1,on_dispense_confirm,adapter_contract,Dispense.uuid,,,,,provenance_adapter_contract,,R_RX;R_PAY;R_LINK,MVP / hệ thống bổ sung,Không sửa đơn bác sĩ; cấp một lần theo snapshot MVP hiện có. Cấp một phần/lô/tồn cần hợp đồng mở rộng.
dispense.drug_order_uuid,Dòng đơn đã xác nhận,uuid,MVP-2,0..1,on_dispense_confirm,adapter_contract,Dispense.drug_order_uuid,,,,,provenance_adapter_contract,,R_RX;R_PAY;R_LINK,MVP / hệ thống bổ sung,Không sửa đơn bác sĩ; cấp một lần theo snapshot MVP hiện có. Cấp một phần/lô/tồn cần hợp đồng mở rộng.
dispense.so_luong,Số lượng thực cấp,number,MVP-2,0..1,on_dispense_confirm,adapter_contract,Dispense.so_luong,,,,,provenance_adapter_contract,,R_RX;R_PAY;R_LINK;R_POS,MVP / hệ thống bổ sung,Không sửa đơn bác sĩ; cấp một lần theo snapshot MVP hiện có. Cấp một phần/lô/tồn cần hợp đồng mở rộng.
dispense.nguoi_cap_uuid,Người cấp,uuid,MVP-2,0..1,on_dispense_confirm,adapter_contract,Dispense.nguoi_cap_uuid,,,,,provenance_adapter_contract,,R_RX;R_PAY;R_LINK,MVP / hệ thống bổ sung,Không sửa đơn bác sĩ; cấp một lần theo snapshot MVP hiện có. Cấp một phần/lô/tồn cần hợp đồng mở rộng.
dispense.thoi_diem,Thời điểm cấp,datetime,MVP-2,0..1,on_dispense_confirm,adapter_contract,Dispense.thoi_diem,,,,,provenance_adapter_contract,,R_RX;R_PAY;R_LINK;R_TIME,MVP / hệ thống bổ sung,Không sửa đơn bác sĩ; cấp một lần theo snapshot MVP hiện có. Cấp một phần/lô/tồn cần hợp đồng mở rộng.
dispense.idempotency_key,Khóa chống cấp trùng,text,MVP-2,0..1,on_dispense_confirm,adapter_contract,Dispense.idempotency_key,,,,,provenance_adapter_contract,,R_RX;R_PAY;R_LINK,MVP / hệ thống bổ sung,Không sửa đơn bác sĩ; cấp một lần theo snapshot MVP hiện có. Cấp một phần/lô/tồn cần hợp đồng mở rộng.
provenance.nguoi_nhap_uuid,Người nhập,uuid,MVP-1/MVP-2,0..1,optional,adapter_contract,Audit.creator,,,,,provenance_adapter_contract,,R_PROVENANCE;R_FINAL,MVP / hệ thống bổ sung,
provenance.nhap_luc,Thời điểm nhập,datetime,MVP-1/MVP-2,0..1,optional,adapter_contract,Audit.dateCreated,,,,,provenance_adapter_contract,,R_PROVENANCE;R_FINAL;R_TIME,MVP / hệ thống bổ sung,
provenance.nguon_tai_lieu_uuid,Tài liệu nguồn,uuid,MVP-1/MVP-2,0..1,optional,adapter_contract,Provenance.document,,,,,provenance_adapter_contract,,R_PROVENANCE;R_FINAL,MVP / hệ thống bổ sung,
provenance.trang_nguon,Trang vật lý trong nguồn,integer,MVP-1/MVP-2,0..1,optional,adapter_contract,Provenance.page,,,,,provenance_adapter_contract,,R_PROVENANCE;R_FINAL,MVP / hệ thống bổ sung,
provenance.ma_truong_nguon,Mã khảo sát trường nguồn,text,MVP-1/MVP-2,0..1,optional,adapter_contract,Provenance.sourceField,,,,,provenance_adapter_contract,,R_PROVENANCE;R_FINAL,MVP / hệ thống bổ sung,
provenance.trang_thai_xac_minh,Trạng thái xác minh,coded,MVP-1/MVP-2,0..1,optional,adapter_contract,Provenance.reviewStatus,,,,,provenance_adapter_contract,review_status,R_PROVENANCE;R_FINAL,MVP / hệ thống bổ sung,
provenance.ly_do_sua,Lý do sửa,text,MVP-1/MVP-2,0..1,optional,adapter_contract,Audit.reason,,,,,provenance_adapter_contract,,R_PROVENANCE;R_FINAL,MVP / hệ thống bổ sung,
